Date,High,Low,Close,Tmrw_return
2010-01-04,17.200001,16.879999,17.1,0.00757358703122
2010-01-05,17.23,17.0,17.23,-0.00348837563045
2010-01-14,17.23,16.799999,17.120001,-0.01767877458
2010-01-15,17.25,16.75,16.82,-0.00417039627373
2010-02-10,15.02,14.48,14.8,0.0279831716635
2010-02-24,15.71,15.33,15.59,-0.0227061328112
2010-03-08,16.610001,16.299999,16.52,0.000605204236167
2010-03-22,16.540001,16.32,16.34,-0.0191540604274
2010-03-26,16.57,16.309999,16.540001,0.0012083385156
2010-04-08,17.41,16.9,17.35,0.00975057911538
2010-04-09,18.07,17.25,17.52,0.00682590838106
2010-04-13,18.299999,17.4,18.18,0.0109409737712
2010-04-15,19.120001,18.129999,18.969999,-0.043086848824
2010-04-16,18.68,17.959999,18.17,0.0120351018308
2010-04-19,18.4,17.99,18.389999,-0.000543921718274
2010-04-20,18.530001,18.23,18.379999,-0.0519233565656
2010-04-21,17.780001,17.299999,17.450001,0.0153541827885
2010-04-22,17.780001,17.15,17.719999,-0.00452489485422
2010-04-23,17.83,17.5,17.639999,-0.0142737230274
2010-04-27,17.360001,16.879999,16.92,-0.010098095907
2010-04-30,17.129999,16.530001,16.530001,0.0250909204945
2010-05-04,16.9,16.25,16.32,0.0103627870355
2010-05-12,16.5,16.33,16.469999,-0.0202398825892
2010-05-14,16.66,16.139999,16.389999,-0.00734841051198
2010-05-25,15.31,14.89,15.31,0.00910279367416
2010-06-04,15.38,14.96,15.0,-0.00400802139754
2010-06-14,15.49,15.15,15.17,0.0311511236257
2010-06-21,15.84,15.09,15.21,-0.00792083349144
2010-07-01,14.15,13.75,14.09,-0.00142045478429
2010-07-02,14.24,14.03,14.07,0.00425532557014
2010-07-06,14.46,14.0,14.13,0.0189280098855
2010-07-08,14.77,14.4,14.6,0.0196683179816
2010-07-21,14.28,13.75,13.91,-0.00215905085669
2010-07-26,14.22,13.95,14.15,-0.0142351158219
2010-07-27,14.1,13.89,13.95,-0.00575127394063
2010-07-29,13.96,13.75,13.76,0.00868312257346
2010-07-30,13.98,13.68,13.88,0.0086083745366
2010-08-02,14.08,13.96,14.0,-0.00429492428288
2010-08-05,14.25,14.02,14.16,0.0126317469059
2010-08-09,14.52,14.34,14.4,-0.00347826437632
2010-08-10,14.46,14.2,14.35,-0.0340217078789
2010-08-11,14.2,13.84,13.87,-0.00144300169339
2010-08-13,13.96,13.76,13.83,-0.00289645387146
2010-08-19,14.0,13.8,13.85,-0.00434154082814
2010-08-20,13.95,13.74,13.79,-0.0102041701742
2010-08-24,13.64,13.39,13.4,-0.0105027221991
2010-08-25,13.37,13.14,13.26,-0.00377786622348
2010-08-26,13.4,13.21,13.21,0.0165168920009
2010-08-27,13.47,13.03,13.43,-0.0187904814608
2010-08-30,13.42,13.18,13.18,-0.00532523129875
2010-08-31,13.14,12.94,13.11,0.0196380933382
2010-09-01,13.41,13.13,13.37,0.0104167608583
2010-09-02,13.55,13.26,13.51,0.00810914874926
2010-09-03,13.75,13.56,13.62,-0.00662985853867
2010-09-08,13.82,13.62,13.75,-0.00729930248161
2010-09-09,13.92,13.57,13.65,0.00219539056344
2010-09-13,13.88,13.61,13.73,-0.00730997407144
2010-09-14,13.76,13.6,13.63,0.0458861857803
2010-09-17,14.33,13.88,13.89,-0.0021621630045
2010-09-20,14.06,13.84,13.86,0.0228255273422
2010-09-21,14.26,13.92,14.18,-0.00992212250632
2010-09-22,14.25,13.97,14.04,0.00921665510492
2010-09-28,14.45,14.14,14.39,-0.0034806857278
2010-09-29,14.39,14.06,14.34,-0.0119257814689
2010-09-30,14.35,13.99,14.17,0.00703237778616
2010-10-01,14.35,14.13,14.27,0.000700525422693
2010-10-04,14.32,14.13,14.28,0.0228462688512
2010-10-06,14.7,14.34,14.52,-0.0201745972949
2010-10-07,14.61,14.14,14.23,0.0181063442308
2010-10-11,14.58,14.38,14.41,0.00138696277435
2010-10-12,14.47,14.27,14.43,0.0552701302676
2010-10-15,16.73,15.9,16.25,-0.0198887848538
2010-10-26,16.48,16.200001,16.459999,-0.0024330304713
2010-10-27,16.43,16.200001,16.42,-0.00121876919413
2010-10-29,16.52,16.33,16.49,-0.0208340869028
2010-11-08,16.5,16.25,16.440001,0.0317295698633
2010-11-09,17.6,16.860001,16.969999,-0.00176927206283
2010-11-18,17.17,16.290001,16.99,-0.0250311042454
2010-11-24,16.48,16.15,16.41,-0.011645918067
2010-12-08,17.219999,16.959999,17.02,-0.00412123032172
2010-12-10,17.049999,16.91,17.01,-0.0183926271048
2010-12-15,16.73,16.42,16.450001,0.00364071993038
2010-12-16,16.700001,16.440001,16.51,-0.00790524055718
2010-12-20,16.42,16.15,16.280001,0.019465273363
2010-12-23,16.73,16.450001,16.719999,-0.0144580233666
2010-12-27,16.629999,16.4,16.48,-0.00303859243215
2010-12-30,16.77,16.52,16.76,-0.00778686198139
2011-01-07,17.17,16.65,16.9,-0.0179109265665
2011-01-12,16.809999,16.59,16.65,0.00598804184462
2011-01-14,16.83,16.6,16.809999,-0.0186135070256
2011-01-19,16.549999,16.23,16.309999,-0.00491697379434
2011-01-27,16.360001,15.58,16.200001,-0.0231044300738
2011-02-01,16.459999,16.23,16.379999,0.0115328140636
2011-02-02,16.66,16.25,16.57,0.00721596615139
2011-02-07,17.0,16.77,16.799999,-0.0119761315229
2011-02-08,16.85,16.48,16.6,-0.0102937633133
2011-02-09,16.700001,16.35,16.43,0.0114979175466
2011-02-14,16.93,16.719999,16.889999,0.0181877703459
2011-02-16,17.82,17.209999,17.76,0.000562904602536
2011-02-17,17.82,17.5,17.77,-0.00620944699075
2011-02-18,17.84,17.57,17.66,-0.0433970322653
2011-02-22,17.389999,16.870001,16.91,-0.0197080132033
2011-02-24,16.73,16.040001,16.370001,0.00790992843614
2011-02-25,16.77,16.379999,16.5,-0.00607904607638
2011-02-28,16.6,16.280001,16.4,-0.0184620628397
2011-03-01,16.49,16.08,16.1,0.0323889610821
2011-03-03,17.049999,16.76,16.860001,0.0129641764747
2011-03-04,17.200001,16.719999,17.08,-0.0224994090575
2011-03-07,17.15,16.49,16.700001,0.0142689689528
2011-03-08,17.02,16.719999,16.940001,0.0410580351235
2011-03-09,17.700001,16.85,17.65,-0.0339992999324
2011-03-10,17.389999,16.93,17.059999,0.0208824879775
2011-03-11,17.540001,17.0,17.42,-0.00633466000632
2011-03-14,17.440001,17.09,17.309999,-0.0582804044357
2011-03-15,16.68,16.040001,16.33,-0.0260560646327
2011-03-24,16.91,16.17,16.83,0.00769456319878
2011-03-25,17.049999,16.700001,16.959999,-0.0226604216943
2011-03-28,17.059999,16.58,16.58,0.0102011085639
2011-03-29,16.780001,16.530001,16.75,-0.000597193209746
2011-03-30,16.92,16.68,16.74,-0.00359066813073
2011-03-31,16.879999,16.65,16.68,0.00954661188358
2011-04-06,17.200001,16.940001,17.049999,-0.00293680102228
2011-04-07,17.1,16.790001,17.0,-0.0136217682211
2011-04-08,17.110001,16.77,16.77,-0.0107914716328
2011-04-11,16.959999,16.370001,16.59,-0.0139607119031
2011-04-12,16.639999,16.290001,16.360001,0.0169699829976
2011-04-13,16.690001,16.43,16.639999,0.00300042229295
2011-04-14,16.82,16.43,16.690001,-0.00420294799409
2011-04-15,16.780001,16.540001,16.620001,-0.0163789522525
2011-04-20,17.23,16.59,16.870001,-0.00118629903633
2011-04-21,16.940001,16.74,16.85,0.0153124895511
2011-04-26,17.370001,17.02,17.280001,-0.001158135591
2011-04-29,17.77,17.360001,17.700001,0.0245546934832
2011-05-02,18.35,17.57,18.139999,-0.0122019820134
2011-05-03,18.639999,17.879999,17.92,0.015504241481
2011-05-04,18.379999,17.959999,18.200001,0.0125581226539
2011-05-05,18.559999,18.049999,18.43,0.0118663744081
2011-05-06,18.799999,18.379999,18.65,-0.00483747261108
2011-05-09,18.84,18.540001,18.559999,-0.000538938333656
2011-05-11,18.610001,16.74,17.200001,-0.00174576704956
2011-05-12,17.809999,16.93,17.17,-0.0367776335093
2011-05-19,16.49,16.040001,16.35,-0.00306285088024
2011-05-23,16.17,16.0,16.059999,0.00496895463182
2011-05-25,16.99,16.1,16.15,-0.0105821093305
2011-06-02,16.110001,15.87,16.02,-0.021451926718
2011-06-14,15.56,15.19,15.2,-0.0259927995725
2011-06-15,15.05,14.5,14.81,-0.00202771275965
2011-06-17,14.98,14.56,14.7,0.0195358183298
2011-06-22,15.53,15.19,15.23,-0.00989780432726
2011-06-23,15.09,14.72,15.08,-0.0126795158839
2011-06-28,15.18,14.88,14.95,-0.00402145314078
2011-06-30,15.1,14.64,15.04,0.0268956848221
2011-07-07,15.95,15.7,15.81,-0.012730916694
2011-07-11,15.44,14.99,15.05,-0.0127049519053
2011-07-13,15.1,14.87,14.91,-0.0189579137446
2011-07-15,14.94,14.61,14.69,-0.018550858329
2011-07-19,14.69,14.45,14.59,-0.0791292570505
2011-07-22,14.05,13.57,13.98,-0.0209620975053
2011-07-25,13.88,13.68,13.69,0.018096766032
2011-07-26,13.99,13.65,13.94,-0.0254281771693
2011-07-28,13.71,13.43,13.5,-0.0300774552373
2011-08-01,13.34,12.95,13.1,-0.0262969522905
2011-08-02,13.18,12.75,12.76,0.0201713588638
2011-08-03,13.07,12.53,13.02,-0.0815799869924
2011-08-04,12.86,11.99,12.0,-0.021904835388
2011-08-05,12.12,11.41,11.74,-0.0569580130377
2011-08-08,11.8,11.09,11.09,0.0863348632644
2011-08-09,12.09,11.25,12.09,-0.0268247433545
2011-08-10,12.14,11.62,11.77,0.0885677975373
2011-08-11,12.92,11.88,12.86,0.0552125093536
2011-08-12,13.62,12.76,13.59,-0.00886923774078
2011-08-16,13.57,13.18,13.48,-0.000742115061888
2011-08-17,13.62,13.32,13.47,-0.0385972994981
2011-08-18,13.09,12.8,12.96,-0.00309119256967
2011-08-19,13.08,12.72,12.92,-0.00621120009264
2011-08-22,13.23,12.77,12.84,0.0389510865844
2011-08-24,13.3,12.79,13.15,-0.0215227370157
2011-08-26,12.89,12.52,12.74,0.0711882620504
2011-08-29,13.68,12.69,13.68,0.0116280379951
2011-08-30,13.98,13.23,13.84,-0.0167581335261
2011-09-01,13.78,13.32,13.35,-0.0366173632382
2011-09-02,13.13,12.86,12.87,0.00310318325052
2011-09-06,12.95,12.45,12.91,0.0528026118048
2011-09-07,14.0,13.24,13.61,0.0591973168013
2011-09-08,14.49,13.37,14.44,0.00276625349289
2011-09-09,14.57,14.07,14.48,-0.0153099719714
2011-09-13,14.34,14.12,14.26,0.0201325786314
2011-09-19,14.79,14.4,14.61,-0.0172596621425
2011-09-20,14.66,14.28,14.36,-0.0282504662859
2011-09-21,14.6,13.96,13.96,0.00214669134316
2011-09-22,14.25,13.69,13.99,0.050184745936
2011-09-23,14.83,14.12,14.71,0.00271554817248
2011-09-27,15.0,14.44,14.54,-0.0243659809334
2011-09-28,14.62,14.15,14.19,-0.0557913596284
2011-09-29,14.39,13.15,13.42,-0.0188046157883
2011-09-30,13.44,13.11,13.17,0.0269679264275
2011-10-03,14.04,13.37,13.53,0.0664767745479
2011-10-04,14.48,13.87,14.46,0.0961899636856
2011-10-20,16.49,15.97,16.18,-0.00371511251713
2011-10-24,16.75,16.309999,16.709999,-0.0285299480294
2011-10-25,16.700001,16.18,16.24,0.00368771172949
2011-10-26,16.440001,15.86,16.299999,0.0200431866095
2011-10-27,16.700001,16.450001,16.629999,-0.00421814450191
2011-10-28,16.700001,16.25,16.559999,-0.0571583534535
2011-11-10,16.219999,15.84,15.95,0.0198640920001
2011-11-15,16.049999,15.7,15.93,-0.0132703369209
2011-11-23,15.24,14.83,14.94,0.0106525641162
2011-11-30,16.040001,15.65,15.71,0.032563929259
2011-12-01,16.459999,16.09,16.23,-0.0111525942558
2011-12-02,16.41,16.030001,16.049999,-0.0100188067221
2011-12-05,16.139999,15.83,15.89,-0.00315159416234
2011-12-07,15.86,15.56,15.62,-0.000640409884199
2011-12-23,16.26,15.87,16.190001,-0.00619586845177
2011-12-30,16.209999,16.030001,16.129999,0.00987065386047
2012-01-03,16.389999,16.200001,16.290001,-0.0318081685836
2012-01-05,15.69,15.44,15.64,-0.00770222036209
2012-01-12,15.73,15.45,15.66,-0.0115608224011
2012-01-13,15.67,15.43,15.48,-0.00323520178651
2012-01-20,16.110001,15.85,15.96,-0.0176995770994
2012-01-25,15.71,15.46,15.56,-0.00192988158965
2012-01-30,15.65,15.5,15.55,-0.00515797404027
2012-02-02,15.82,15.69,15.72,0.0126423934152
2012-02-10,16.309999,16.0,16.139999,-0.00123980177071
2012-02-13,16.24,16.049999,16.120001,-0.0476432415627
2012-02-14,16.1,14.92,15.37,-0.0163991867991
2012-02-15,15.3,15.08,15.12,0.0157483569681
2012-02-21,15.07,14.75,14.75,-0.0170944333593
2012-02-22,14.75,14.43,14.5,0.0191262660935
2012-02-23,14.81,14.37,14.78,0.00741493117586
2012-02-27,14.91,14.72,14.86,0.0026881736618
2012-02-28,14.99,14.76,14.9,-0.00470905680157
2012-02-29,14.93,14.78,14.83,0.00672045540126
2012-03-01,14.96,14.79,14.93,-0.0141654982504
2012-03-06,14.69,14.35,14.42,0.0137743224648
2012-03-08,14.77,14.52,14.62,0.000683760710401
2012-03-12,14.76,14.48,14.49,0.00413223728491
2012-03-13,14.62,14.39,14.55,0.00548322141453
2012-03-14,14.64,14.42,14.63,0.0176156316639
2012-03-20,15.61,14.92,15.41,0.00646832785642
2012-03-21,15.61,15.17,15.51,-0.00129032275967
2012-03-23,15.59,15.31,15.39,0.00969939708871
2012-03-28,15.48,15.14,15.32,-0.00130633591406
2012-04-02,15.51,15.11,15.46,-0.0182772711918
2012-04-03,15.43,15.06,15.18,0.00591134726306
2012-04-04,15.34,15.0,15.27,-0.0131841065921
2012-04-05,15.26,15.0,15.07,0.00198873118247
2012-04-11,15.08,14.84,14.88,0.0120241929668
2012-04-12,15.1,14.84,15.06,-0.0126964618997
2012-04-16,15.04,14.73,14.79,0.0147653689227
2012-04-23,15.47,15.29,15.33,0.00650197349135
2012-04-26,15.55,15.38,15.53,0.00257234868531
2012-04-27,15.62,15.49,15.57,-0.00192864090641
2012-04-30,15.57,15.45,15.54,0.00577479949388
2012-05-01,15.73,15.5,15.63,0.00255591193454
2012-05-02,15.77,15.54,15.67,-0.0173805469483
2012-05-11,15.44,14.8,15.19,0.0202027073175
2012-05-16,15.57,15.26,15.28,-0.0271990232663
2012-05-18,15.87,15.36,15.42,0.0103226723074
2012-05-21,16.0,15.1,15.58,-0.0187890205016
2012-05-22,15.61,15.19,15.29,0.00586894413653
2012-05-23,15.43,15.14,15.38,-0.00195249004429
2012-05-30,15.34,15.16,15.25,-0.00065595279492
2012-05-31,15.37,15.12,15.24,-0.0212209554829
2012-06-04,15.03,14.81,15.01,0.00597809817551
2012-06-05,15.14,14.91,15.1,0.0170719838986
2012-06-11,15.73,15.27,15.3,0.0110498361866
2012-06-12,15.52,15.26,15.47,-0.00843886864586
2012-06-13,15.49,15.27,15.34,0.00130293178042
2012-06-15,15.44,15.33,15.36,0.00842792670925
2012-06-18,15.54,15.27,15.49,0.0102762625574
2012-06-25,15.55,15.31,15.44,-0.00584607056342
2012-06-26,15.47,15.19,15.35,0.0110140407219
2012-06-27,15.63,15.38,15.52,-0.00452051141132
2012-06-28,15.48,15.29,15.45,0.0242978705492
2012-07-06,15.91,15.68,15.78,-0.00190295014609
2012-07-10,15.98,15.71,15.82,-0.00126502230659
2012-07-12,15.81,15.54,15.69,0.00318167624432
2012-07-16,15.8,15.6,15.65,-0.00320000273067
2012-07-18,15.75,15.51,15.7,0.00190900471592
2012-07-19,15.86,15.64,15.73,0.0120064633461
2012-07-23,15.81,15.59,15.76,-0.0211614180547
2012-07-24,15.76,15.23,15.43,0.00452635755013
2012-07-25,15.64,15.4,15.5,0.0191699161077
2012-07-26,15.88,15.62,15.8,0.0194303192292
2012-07-27,16.17,15.84,16.110001,-0.008102318924
2012-08-01,16.07,15.83,15.99,-0.0151231615742
2012-08-02,16.0,15.64,15.75,0.0138715969553
2012-08-03,16.030001,15.82,15.97,0.00437370255559
2012-08-07,16.370001,16.07,16.219999,-0.00308731344597
2012-08-08,16.32,16.09,16.17,-0.00994414658039
2012-08-09,16.16,15.98,16.01,-0.0552129950532
2012-08-10,15.35,15.01,15.15,-0.00861788561939
2012-08-13,15.21,15.0,15.02,-0.0194964158614
2012-08-14,15.05,14.69,14.73,0.00203458869779
2012-08-15,14.86,14.65,14.76,0.0154624929422
2012-08-16,15.01,14.75,14.99,0.00266489165038
2012-08-17,15.07,14.85,15.03,-0.00466823121855
2012-08-20,15.05,14.88,14.96,0.000668225885206
2012-08-21,15.01,14.88,14.97,-0.00334560365592
2012-08-23,14.97,14.82,14.87,0.00335683430355
2012-08-24,14.94,14.77,14.92,-0.00470272952691
2012-08-27,14.93,14.77,14.85,-0.00879275194798
2012-08-28,14.87,14.69,14.72,0.0081191244385
2012-08-29,14.94,14.7,14.84,-0.0115216455843
2012-08-30,14.84,14.64,14.67,-0.00136425669181
2012-08-31,14.82,14.59,14.65,0.0162495112328
2012-09-04,14.98,14.59,14.89,0.0133424260838
2012-09-05,15.14,14.85,15.09,0.00132450350489
2012-09-07,15.29,15.1,15.22,-0.00725357614889
2012-09-10,15.28,15.11,15.11,0.00330360392958
2012-09-11,15.25,15.06,15.16,0.0157071292054
2012-09-12,15.55,15.28,15.4,0.0129034048359
2012-09-13,15.69,15.37,15.6,0.0108384867195
2012-09-18,16.17,15.6,15.91,-0.00314762614299
2012-09-19,16.129999,15.84,15.86,-0.00442338793915
2012-09-20,15.86,15.65,15.79,-0.00317158527829
2012-09-21,15.82,15.66,15.74,0.0163834792505
2012-09-26,15.81,15.55,15.61,0.0271739302552
2012-09-27,16.200001,15.79,16.040001,-0.00374772444438
2012-09-28,16.09,15.93,15.98,-0.00943106644521
2012-10-02,16.040001,15.88,15.94,0.0167966006952
2012-10-03,16.24,15.99,16.209999,0.00369464717368
2012-10-04,16.35,16.15,16.27,-0.0111249602267
2012-10-08,16.16,16.0,16.030001,-0.0112925286812
2012-10-09,16.049999,15.81,15.85,-0.00126262643037
2012-10-10,15.99,15.8,15.83,0.00566930652332
2012-10-12,16.02,15.86,15.88,-0.0126744408967
2012-10-15,15.87,15.65,15.68,0.015190165494
2012-10-16,15.98,15.76,15.92,0.0106217805881
2012-10-17,16.120001,15.83,16.09,-0.00560923876451
2012-10-18,16.24,15.83,16.0,-0.0100503358535
2012-10-19,16.030001,15.83,15.84,-0.00442898541133
2012-10-22,15.95,15.74,15.77,0.0555012957878
2012-10-23,16.790001,16.26,16.67,-0.00722465536259
2012-10-24,16.799999,16.48,16.549999,0.00361894242979
2012-10-25,16.77,16.49,16.610001,0.0107785468188
2012-10-26,16.82,16.52,16.790001,0.00297347816547
2012-10-31,16.889999,16.6,16.84,0.00651088400933
2012-11-01,17.049999,16.860001,16.950001,0.00939525352595
2012-11-02,17.139999,16.950001,17.110001,0.0150814914741
2012-11-05,17.43,17.01,17.370001,0.00516785531415
2012-11-06,17.530001,17.32,17.459999,-0.00401722227581
2012-11-07,17.559999,17.18,17.389999,-0.00866300562633
2012-11-08,17.5,17.23,17.24,0.00115942041973
2012-11-09,17.52,17.18,17.26,0.0143804606425
2012-11-12,17.559999,17.17,17.51,0.0192313619279
2012-11-13,17.85,17.379999,17.85,-0.0011210763506
2012-11-14,18.08,17.75,17.83,0.00335940974843
2012-11-15,18.16,17.74,17.889999,-0.00167821018408
2012-11-16,18.02,17.76,17.860001,0.0276108082192
2012-11-19,18.370001,17.870001,18.360001,-0.00655745501239
2012-11-20,18.5,18.190001,18.24,0.00873367996875
2012-11-21,18.5,18.200001,18.4,0.00919671074967
2012-11-23,18.59,18.4,18.57,0.0101795682135
2012-11-26,19.0,18.700001,18.76,0.00902102164315
2012-11-28,18.950001,18.530001,18.91,-0.00211747029574
2012-11-29,19.030001,18.85,18.870001,-0.00531356177621
2012-11-30,18.950001,18.690001,18.77,-0.0117901154533
2012-12-03,18.84,18.34,18.549999,0.0202782300761
2012-12-04,18.959999,18.6,18.93,-0.00211533664588
2012-12-05,19.030001,18.77,18.889999,0.0162777025417
2012-12-07,19.299999,19.059999,19.200001,0.0119079322723
2012-12-12,19.6,19.34,19.379999,-0.00154913538724
2012-12-14,19.719999,19.4,19.639999,0.00254269142841
2012-12-18,19.76,19.58,19.620001,-0.00101993886914
2012-12-20,19.709999,19.41,19.690001,-0.0174185239624
2012-12-21,19.49,19.23,19.35,0.0153849188395
2012-12-24,19.66,19.379999,19.65,-0.00407955690729
2012-12-26,19.75,19.52,19.57,0.00153178482849
2012-12-27,19.67,19.440001,19.6,-0.00511510066677
2012-12-28,19.57,19.280001,19.5,0.0203052661607
2013-01-02,20.32,20.01,20.08,-0.0150529180728
2013-01-03,20.1,19.719999,19.780001,0.00403633221881
2013-01-04,19.950001,19.719999,19.860001,-0.0234346429002
2013-01-07,19.58,19.280001,19.4,0.0133130486497
2013-01-09,19.75,19.219999,19.32,-0.0172283039602
2013-01-10,19.379999,18.93,18.99,0.0156743539338
2013-01-11,19.379999,18.889999,19.290001,0.00723138463138
2013-01-14,19.540001,19.25,19.43,0.0046213175956
2013-01-15,19.540001,19.280001,19.52,0.0277865818233
2013-01-16,20.139999,19.620001,20.07,0.00298502716635
2013-01-17,20.209999,20.0,20.129999,-0.00547941608753
2013-01-18,20.17,19.969999,20.02,-0.00601204215663
2013-01-22,19.950001,19.719999,19.9,0.0104975217806
2013-01-23,20.190001,19.91,20.110001,0.0162765607481
2013-01-24,20.52,20.07,20.440001,-0.00343053492867
2013-01-25,20.48,20.23,20.370001,-0.00294995297505
2013-01-28,20.5,20.200001,20.309999,-0.0304946398501
2013-01-29,20.879999,19.68,19.700001,0.021095708428
2013-01-30,20.120001,19.690001,20.120001,-0.0246554375874
2013-01-31,19.99,19.57,19.629999,0.00660073497379
2013-02-01,19.83,19.58,19.76,-0.0214842022946
2013-02-04,19.809999,19.309999,19.34,0.0164106246939
2013-02-05,19.780001,19.42,19.66,0.00961789241418
2013-02-06,19.9,19.59,19.85,0.0234016155771
2013-02-07,20.43,19.93,20.32,0.00881926343408
2013-02-08,20.610001,20.299999,20.5,0.0193242728264
2013-02-11,20.98,20.389999,20.9,0.0147235624583
2013-02-12,21.4,20.889999,21.209999,-0.00283281593673
2013-02-13,21.43,21.07,21.15,0.00141743468097
2013-02-14,21.26,21.059999,21.18,-0.00758297472446
2013-02-15,21.25,20.9,21.02,0.012763160427
2013-02-19,21.41,20.969999,21.290001,-0.0175318866791
2013-02-20,21.450001,20.9,20.92,-0.00431138392384
2013-02-21,21.0,20.74,20.83,0.0185498307876
2013-02-22,21.309999,20.85,21.219999,-0.0233621596128
2013-02-25,21.32,20.719999,20.73,0.00144613185
2013-02-26,20.85,20.58,20.76,0.0190845486924
2013-02-27,21.309999,20.690001,21.16,0.0070637921941
2013-02-28,21.57,21.049999,21.309999,0.0291351012417
2013-03-01,22.280001,21.26,21.940001,0.0340534681143
2013-03-05,23.08,22.610001,22.950001,-0.00655748797879
2013-03-06,23.09,22.709999,22.799999,-0.00439552356053
2013-03-07,23.0,22.65,22.700001,0.00877194201997
2013-03-08,22.959999,22.709999,22.9,-0.013187004282
2013-03-11,23.0,22.57,22.6,-0.00888894741725
2013-03-12,22.58,22.190001,22.4,-0.00268216521994
2013-03-13,22.48,22.16,22.34,0.00402055489106
2013-03-14,22.75,22.41,22.43,-0.0161801282635
2013-03-15,22.389999,21.969999,22.07,-0.00272232473027
2013-03-18,22.17,21.870001,22.01,0.00724312808985
2013-03-19,22.33,21.889999,22.17,-0.00316241510451
2013-03-20,22.33,21.950001,22.1,0.0338110935875
2013-03-21,22.950001,22.360001,22.860001,0.0173464449793
2013-03-27,23.83,23.41,23.59,-0.00254664818138
2013-03-28,23.77,23.450001,23.530001,-0.00127582408809
2013-04-01,23.620001,23.190001,23.5,0.0118445121647
2013-04-02,23.9,23.6,23.780001,-0.0169640200425
2013-04-03,23.879999,23.24,23.379999,0.0059702097581
2013-04-04,23.719999,23.360001,23.52,-0.00939780537723
2013-04-05,23.41,23.01,23.299999,0.0076956773067
2013-04-08,23.48,23.129999,23.48,0.0147962961508
2013-04-09,24.0,23.440001,23.83,0.0154073833743
2013-04-10,24.32,23.950001,24.200001,0.0119121964791
2013-04-11,24.57,24.309999,24.49,0.00813347289524
2013-04-12,24.799999,24.34,24.690001,-0.0291781942599
2013-04-15,24.99,23.83,23.98,-0.00795478325003
2013-04-16,24.26,23.76,23.790001,-0.00379027601416
2013-04-17,24.1,23.129999,23.700001,-0.0187399432447
2013-04-18,23.700001,22.700001,23.26,0.00898782016483
2013-04-19,23.629999,22.83,23.469999,0.0202453983552
2013-04-22,23.959999,23.469999,23.950001,0.0177947174253
2013-04-23,24.450001,23.959999,24.379999,0.0150624059788
2013-04-24,24.969999,24.440001,24.75,0.0180185451852
2013-04-25,25.290001,24.879999,25.200001,-0.0208508351627
2013-04-26,25.370001,24.58,24.68,-0.0101813137675
2013-04-29,24.91,24.35,24.43,0.0122051962637
2013-04-30,24.790001,24.360001,24.73,-0.0175407723391
2013-05-01,24.719999,24.26,24.299999,0.0271987550494
2013-05-02,24.969999,24.18,24.969999,0.00399684792658
2013-05-03,25.25,24.99,25.07,0.00398089697702
2013-05-06,25.34,24.92,25.17,0.0351324187982
2013-05-08,26.66,25.959999,26.41,-0.00645776223315
2013-05-10,26.860001,26.309999,26.83,-0.0165355518154
2013-05-14,26.870001,26.52,26.639999,0.0259370231612
2013-05-17,26.98,26.459999,26.52,0.00225988796744
2013-05-20,27.049999,26.209999,26.58,0.0156778127192
2013-05-23,26.27,25.700001,26.02,0.0118435004239
2013-05-28,26.77,25.98,26.07,-0.0100232529596
2013-05-29,26.040001,25.32,25.809999,0.0199469985224
2013-05-30,26.5,25.799999,26.33,-0.00114007234731
2013-05-31,26.6,26.09,26.299999,0.00341621146119
2013-06-03,26.620001,26.129999,26.389999,-0.00493824374744
2013-06-04,26.57,25.969999,26.26,-0.0196122417649
2013-06-05,26.25,25.690001,25.75,0.0177063520722
2013-06-06,26.209999,25.66,26.209999,0.0311763089751
2013-06-10,27.120001,26.700001,26.74,-0.0127965615215
2013-06-11,26.879999,26.32,26.4,-0.0195072550138
2013-06-12,26.530001,25.889999,25.889999,0.0183702831486
2013-06-13,26.459999,25.709999,26.370001,-0.00341880661892
2013-06-14,26.549999,26.16,26.280001,0.00984483491488
2013-06-17,26.85,26.24,26.540001,0.00451124816753
2013-06-18,26.889999,26.51,26.66,-0.0158793506747
2013-06-19,26.780001,26.23,26.24,-0.0345062340387
2013-06-20,26.049999,25.23,25.35,-0.00633159997438
2013-06-21,25.43,24.940001,25.190001,-0.0454808782678
2013-06-24,25.09,23.82,24.07,0.0363082516421
2013-06-25,25.01,24.23,24.959999,0.0131345967861
2013-06-26,25.68,25.01,25.290001,0.00709214950629
2013-06-27,25.98,25.440001,25.469999,-0.0134389379671
2013-06-28,25.540001,24.889999,25.129999,0.00436772591059
2013-07-01,25.540001,25.18,25.24,-0.00995429282615
2013-07-02,25.5,24.9,24.99,0.0237259053248
2013-07-03,25.639999,24.82,25.59,0.00351082865006
2013-07-05,26.26,25.52,25.68,-0.00585820839876
2013-07-08,25.99,25.49,25.530001,0.0440599506244
2013-07-09,26.700001,25.74,26.68,-0.00450793408979
2013-07-10,27.07,26.190001,26.559999,0.0179110011994
2013-07-12,27.440001,27.01,27.23,0.00403152461014
2013-07-15,27.469999,27.059999,27.34,-0.0169683528432
2013-07-16,27.450001,26.73,26.879999,0.0984168582572
2013-07-18,29.83,28.73,29.66,-0.0187175445998
2013-07-19,29.719999,29.040001,29.110001,-0.0438897878646
2013-07-22,28.42,27.629999,27.860001,-0.0181098749414
2013-07-23,28.040001,27.209999,27.360001,0.0173917061622
2013-07-24,27.92,27.23,27.84,0.0153273362393
2013-07-25,28.459999,27.65,28.27,-0.00567575121253
2013-07-26,28.34,27.74,28.110001,-0.00642404053588
2013-07-29,28.33,27.799999,27.93,0.004287216361
2013-07-31,28.209999,27.57,28.09,-0.00463875951592
2013-08-01,28.450001,27.91,27.959999,-0.0111491536319
2013-08-02,28.09,27.549999,27.65,0.000723065830491
2013-08-05,27.799999,27.450001,27.67,-0.0127297590962
2013-08-07,27.51,27.059999,27.389999,0.00328052058884
2013-08-08,27.620001,27.23,27.48,0.00725166339532
2013-08-12,28.370001,27.5,28.35,-0.000352795911227
2013-08-13,28.6,28.23,28.34,-0.0102856379445
2013-08-14,28.209999,28.0,28.049999,-0.0329799787573
2013-08-15,27.83,27.120001,27.139999,0.00661041714185
2013-08-16,27.6,27.0,27.32,-0.0151210699638
2013-08-19,27.440001,26.91,26.91,0.00777353520654
2013-08-21,27.49,27.0,27.059999,0.0305701030396
2013-08-22,28.01,27.370001,27.9,0.00322061470004
2013-08-23,28.32,27.809999,27.99,-0.010414854233
2013-08-26,28.040001,27.700001,27.700001,-0.02559558329
2013-08-27,27.459999,26.75,27.0,0.004065834393
2013-08-28,27.24,26.83,27.110001,0.00698396516355
2013-08-29,27.450001,27.030001,27.299999,-0.00661516561553
2013-08-30,27.440001,26.82,27.120001,0.024044873378
2013-09-03,27.870001,27.370001,27.780001,0.0103850170505
2013-09-04,28.120001,27.6,28.07,0.00568385189161
2013-09-05,28.35,27.91,28.23,-0.00212766037712
2013-09-06,28.5,27.82,28.17,0.0372800529933
2013-09-09,29.32,28.32,29.24,0.00817443243956
2013-09-10,29.629999,29.08,29.48,-0.00988584819681
2013-09-11,29.41,28.969999,29.190001,0.0156359063194
2013-09-12,30.27,29.5,29.65,-0.0132407298518
2013-09-13,29.469999,28.799999,29.26,0.0122284470086
2013-09-16,30.040001,29.51,29.620001,0.0127475390615
2013-09-17,30.0,29.309999,30.0,0.0145601841828
2013-09-18,30.459999,29.85,30.440001,0.0191969448422
2013-09-19,31.049999,30.34,31.030001,-0.00322792399019
2013-09-23,31.030001,30.02,30.26,0.0328324631095
2013-09-24,31.66,30.540001,31.27,0.00223606545812
2013-09-25,32.029999,31.120001,31.34,0.0440077251534
2013-09-26,33.0,31.58,32.75,0.0241338715302
2013-09-27,33.849998,32.759998,33.549999,-0.0113910409479
2013-10-01,34.439999,33.299999,34.310001,-0.00496719794124
2013-10-03,34.360001,33.200001,33.880001,0.0293753272374
2013-10-07,34.689999,34.080002,34.139999,-0.0360855916869
2013-10-09,33.330002,31.790001,33.009998,0.0257191520276
2013-10-11,34.369999,33.610001,34.150002,-0.00440211996579
2013-10-14,34.099998,33.68,34.0,-0.0184035764244
2013-10-16,34.110001,32.830002,33.09,-0.0106334889032
2013-10-17,33.009998,32.310001,32.740002,0.0208560674017
2013-10-18,33.75,33.110001,33.43,0.0186700041625
2013-10-21,34.349998,33.650002,34.060001,-0.00352947425217
2013-10-22,34.599998,33.580002,33.939999,-0.0250610083823
2013-10-23,33.84,33.02,33.099998,-0.000604291345074
2013-10-24,33.310001,32.810001,33.080002,-0.0254108873732
2013-10-25,32.950001,32.0,32.25,0.00309591588132
2013-10-28,32.700001,31.700001,32.349998,0.0250318335404
2013-10-30,33.48,32.380001,32.57,0.0112960751031
2013-11-01,33.349998,33.0,33.18,0.000301310840027
2013-11-04,33.66,33.009998,33.189999,-0.00665050818808
2013-11-07,33.049999,32.060001,32.110001,0.0309697600795
2013-11-08,33.119999,32.200001,33.119999,0.0209150441466
2013-11-11,33.990002,33.25,33.82,0.00736488820244
2013-11-13,35.119999,33.630001,35.099998,0.0166694359913
2013-11-18,36.189999,34.509998,34.98,-0.0100560822994
2013-11-21,36.66,36.220001,36.299999,0.0052205915353
2013-11-25,36.849998,35.959999,36.290001,0.00959826373257
2013-11-27,37.119999,36.509998,36.959999,0.000541006241773
2013-11-29,37.349998,36.900002,36.98,0.000810866399636
2013-12-02,37.150002,36.68,37.009998,-0.0122333184204
2013-12-04,38.150002,36.25,38.130001,0.0192213190418
2013-12-06,39.279999,38.529999,38.860001,0.000257249454654
2013-12-10,40.25,38.919998,40.220001,-0.0267085915454
2013-12-12,40.0,39.0,39.349998,0.00961064578902
2013-12-17,40.0,39.400002,39.509998,0.0133252256188
2013-12-18,40.040001,38.82,40.040001,0.00398804107855
2013-12-23,40.799999,40.130001,40.77,0.00196025551524
2013-12-24,40.950001,40.66,40.849998,-0.00490788715209
2013-12-27,40.75,40.32,40.490002,-0.00718805893838
2013-12-31,40.5,40.0,40.439999,-0.0212428083062
2014-01-03,40.439999,39.82,40.119999,-0.00474701709338
2014-01-09,41.349998,40.610001,40.919998,0.00754725451124
2014-01-13,41.220001,39.799999,39.990002,0.0283513870463
2014-01-16,40.75,40.110001,40.34,-0.00821415964443
2014-01-17,40.439999,39.470001,40.009998,-0.012322500002
2014-01-21,40.049999,38.860001,39.52,0.0165624865071
2014-01-23,39.77,39.139999,39.389999,-0.0382970220674
2014-01-24,38.98,37.619999,37.91,-0.0338014466253
2014-01-28,38.32,36.52,38.220001,-0.0911587384393
2014-01-29,36.310001,34.82,34.889999,0.0119660117237
2014-01-30,35.810001,34.450001,35.310001,0.0196303838598
2014-02-05,35.939999,34.990002,35.490002,0.0209125133501
2014-02-10,38.130001,37.25,37.759998,0.0194079529825
2014-02-12,38.91,38.029999,38.110001,0.0107008458043
2014-02-19,38.330002,37.68,37.810001,-0.000529100527446
2014-02-25,37.580002,37.02,37.259998,0.0096154857947
2014-02-26,38.099998,37.34,37.619999,0.0223429454672
2014-02-27,38.48,37.740002,38.470001,0.00518531114104
2014-03-03,38.66,37.43,38.25,0.0354428721632
2014-03-05,40.150002,39.189999,39.5,0.00404245118457
2014-03-06,39.98,39.5,39.66,-0.0245034972161
2014-03-07,39.91,38.450001,38.700001,-0.016938567849
2014-03-10,38.779999,37.91,38.049999,-0.0129613770624
2014-03-14,38.189999,36.450001,37.599998,0.039374217132
2014-03-17,39.360001,38.610001,39.110001,0.00865585830409
2014-03-18,39.509998,38.799999,39.450001,-0.0215227364643
2014-03-20,38.470001,37.419998,37.77,0.0044908014251
2014-03-24,38.040001,36.279999,36.68,-0.0206590462628
2014-03-26,36.740002,35.450001,35.450001,0.00394141833522
2014-04-02,36.860001,36.560001,36.639999,-0.0243106181365
2014-04-03,36.790001,35.509998,35.759998,-0.042851459858
2014-04-04,36.049999,33.830002,34.259998,-0.0353519075252
2014-04-07,34.369999,32.529999,33.07,0.022721514918
2014-04-08,34.43,33.02,33.830002,0.0302787900979
2014-04-11,33.48,32.150002,32.869999,0.0174914592164
2014-04-14,34.040001,33.040001,33.450001,0.0224661532887
2014-04-15,34.279999,32.639999,34.209999,0.0606761792006
2014-04-16,37.299999,35.810001,36.349998,0.000825051618712
2014-04-17,36.599998,35.549999,36.380001,0.000549629010142
2014-04-21,36.650002,35.889999,36.400002,-0.00716857209384
2014-04-23,36.189999,35.400002,35.439999,-0.00565923969851
2014-04-24,35.82,34.77,35.240002,-0.0218024120262
2014-04-25,35.099998,34.290001,34.48,-0.0143130232466
2014-04-29,35.889999,34.119999,35.830002,0.00334352484746
2014-04-30,36.439999,35.25,35.950001,0.0154570289046
2014-05-02,37.119999,36.209999,36.869999,0.00108433191818
2014-05-05,37.049999,36.299999,36.91,-0.011444211784
2014-05-06,37.169998,36.48,36.490002,-0.068621073585
2014-05-07,35.990002,33.669998,34.07,-0.00441247971144
2014-05-08,34.57,33.610001,33.919998,-0.00472814147539
2014-05-09,34.099998,33.41,33.759998,0.0202324160012
2014-05-14,34.650002,33.98,34.169998,-0.0108872346931
2014-05-15,34.189999,33.400002,33.799999,-0.0116055165345
2014-05-16,33.66,33.099998,33.41,0.0142646997431
2014-05-19,33.990002,33.279999,33.889999,-0.000590318806703
2014-05-20,34.470001,33.669998,33.869999,0.0143634889146
2014-05-21,34.389999,33.889999,34.360001,0.00984658955159
2014-05-22,34.860001,34.259998,34.700001,0.00917961108645
2014-05-23,35.080002,34.509998,35.02,0.00285141343541
2014-05-28,35.169998,34.419998,34.779999,0.00344440634099
2014-05-29,35.099998,34.669998,34.900002,-0.007189103159
2014-06-02,34.950001,34.279999,34.869999,-0.00632904865364
2014-06-03,34.970001,34.580002,34.650002,0.00230608340001
2014-06-04,34.830002,34.259998,34.73,0.00602840932944
2014-06-06,36.080002,35.049999,35.919998,0.00333527273237
2014-06-10,36.52,35.860001,36.310001,0.00877439112388
2014-06-11,36.84,36.110001,36.630001,0.00408658789674
2014-06-12,36.790001,36.34,36.779999,0.00434075571268
2014-06-16,35.490002,34.77,34.810001,-0.0109764532003
2014-06-17,34.939999,34.299999,34.43,0.014703998735
2014-06-18,35.009998,34.259998,34.939999,-0.00746912417308
2014-06-20,34.810001,33.970001,34.049999,-0.0121141978487
2014-06-23,34.220001,33.369999,33.639999,-0.00476755975696
2014-06-25,33.650002,33.099998,33.25,0.0122554216608
2014-06-26,33.75,33.02,33.66,0.0173763759456
2014-06-27,34.549999,33.700001,34.25,0.0253689300352
2014-06-30,35.259998,34.849998,35.130001,0.00624284102206
2014-07-01,35.700001,35.209999,35.349998,0.0148817292958
2014-07-02,35.91,35.400002,35.880001,0.00722019243264
2014-07-03,36.150002,35.900002,36.139999,-0.0173043393699
2014-07-08,35.66,34.279999,34.529999,0.00922459737615
2014-07-10,34.970001,34.099998,34.93,0.0142128600586
2014-07-11,35.560001,34.779999,35.43,0.00759179791942
2014-07-15,35.939999,35.200001,35.610001,-0.0524615950509
2014-07-16,34.450001,33.720001,33.790001,-0.0173139250435
2014-07-17,33.900002,32.98,33.209999,0.0036069470484
2014-07-18,33.349998,32.93,33.330002,-0.00150136642072
2014-07-21,33.639999,33.16,33.279999,0.00956942154042
2014-07-23,34.919998,33.68,34.709999,0.041202189606
2014-07-25,36.330002,35.75,36.119999,-0.00610934965875
2014-07-28,36.23,35.509998,35.900002,-0.00614704349273
2014-07-29,36.16,35.669998,35.68,0.0254578780507
2014-07-31,36.490002,35.68,35.810001,-0.0053199621481
2014-08-05,36.419998,35.619999,35.700001,0.0025178359219
2014-08-07,36.0,35.529999,35.66,0.006986195803
2014-08-08,35.959999,35.400002,35.91,-0.00334725551929
2014-08-11,36.150002,35.75,35.790001,-0.00757263459473
2014-08-12,35.990002,35.150002,35.52,0.0186868918197
2014-08-13,36.450001,35.77,36.189999,0.00468648686832
2014-08-14,36.419998,36.169998,36.360001,0.00302073542836
2014-08-18,37.77,36.75,37.380001,0.0119666627333
2014-08-19,37.939999,37.5,37.830002,-0.00876155853667
2014-08-22,38.200001,37.639999,38.009998,-0.00792394563132
2014-08-25,38.220001,37.540001,37.709999,0.00211925907132
2014-08-26,37.919998,37.560001,37.790001,0.0102672744742
2014-08-27,38.720001,37.830002,38.18,0.0033991665178
2014-08-28,38.57,37.900002,38.310001,0.00520691107685
2014-08-29,38.669998,38.200001,38.509998,0.0195429726977
2014-09-02,39.299999,38.790001,39.27,-0.0102381494526
2014-09-03,39.599998,38.689999,38.869999,0.00819886755748
2014-09-04,39.34,38.959999,39.189999,0.0101549744232
2014-09-05,39.799999,39.049999,39.59,0.0545590081682
2014-09-08,41.82,40.259998,41.810001,-0.0249438286617
2014-09-09,42.060001,40.599998,40.779999,0.00878911929308
2014-09-10,41.23,40.330002,41.139999,0.00291259925244
2014-09-11,41.560001,40.93,41.259998,0.0385120809134
2014-09-16,42.959999,41.689999,42.709999,-0.00281357750453
2014-09-18,43.32,41.419998,42.09,-0.0279468922782
2014-09-22,40.040001,38.220001,38.650002,0.0102960238976
2014-09-23,39.27,37.900002,39.049999,0.0210321194914
2014-09-24,40.099998,38.91,39.880001,-0.0235961721782
2014-09-25,39.799999,38.82,38.950001,0.0429660102095
2014-09-26,40.799999,39.0,40.66,-0.00344912881972
2014-09-30,41.23,40.439999,40.75,-0.0106082159238
2014-10-01,41.240002,40.110001,40.32,0.00445435034938
2014-10-02,40.639999,39.689999,40.5,0.0130015079692
2014-10-03,41.689999,40.650002,41.029999,0.0118717567759
2014-10-06,41.73,41.040001,41.52,-0.0143119483533
2014-10-07,41.290001,40.779999,40.93,0.00365814324154
2014-10-08,41.290001,40.099998,41.080002,0.000486639094539
2014-10-09,41.25,40.419998,41.099998,-0.037179005085
2014-10-10,41.07,39.59,39.599998,-0.0312925511206
2014-10-14,39.0,37.709999,37.970001,-0.00395833734998
2014-10-16,38.5,36.919998,38.119999,0.0086196694064
2014-10-17,38.98,38.310001,38.450001,0.0213567360686
2014-10-20,39.400002,38.25,39.279999,0.0226539013588
2014-10-21,40.48,39.459999,40.18,0.0443002588966
2014-10-22,42.880001,41.77,42.0,0.0141845880436
2014-10-24,43.650002,42.400002,43.5,0.0272125858962
2014-10-28,46.150002,44.880001,45.869999,-0.00963860703703
2014-10-29,45.98,45.130001,45.43,0.00439273708341
2014-10-31,46.52,45.669998,46.049999,0.00627777801844
2014-11-03,46.720001,45.939999,46.34,0.0158428058687
2014-11-04,47.130001,45.740002,47.080002,0.00803890506428
2014-11-05,48.279999,47.32,47.459999,0.0098543832343
2014-11-06,47.98,46.599998,47.93,0.0128525609685
2014-11-07,48.669998,47.860001,48.549999,0.0175586587176
2014-11-10,49.630001,48.790001,49.41,-0.00731266723365
2014-11-11,49.18,48.099998,49.049999,0.0311113711437
2014-11-12,50.630001,49.220001,50.599998,-0.00197820048641
2014-11-13,51.169998,49.950001,50.5,0.0244510958642
2014-11-17,52.419998,50.939999,52.369999,-0.011909457051
2014-11-18,52.619999,51.34,51.75,-0.0228681513623
2014-11-19,51.369999,50.0,50.580002,0.0131593372354
2014-11-20,52.23,50.27,51.25,-0.00410595938951
2014-11-21,52.25,50.990002,51.040001,0.0153595121603
2014-11-24,51.830002,51.07,51.830002,-0.00212459755077
2014-11-25,52.189999,51.599998,51.720001,0.00405208461769
2014-11-26,52.259998,51.52,51.93,-0.00366544244353
2014-11-28,52.0,51.639999,51.740002,-0.032210247242
2014-12-01,51.43,49.66,50.099998,0.0113130118461
2014-12-02,51.119999,50.009998,50.669998,-0.00772661618331
2014-12-03,50.970001,50.200001,50.279999,0.00258220426112
2014-12-04,50.669998,49.900002,50.41,0.0114400061959
2014-12-05,51.25,50.509998,50.990002,-0.02723561618
2014-12-08,50.900002,49.220001,49.619999,0.0177773387734
2014-12-11,50.580002,49.43,49.939999,0.00598929714126
2014-12-12,51.169998,49.48,50.240002,-0.00839505213483
2014-12-15,50.919998,49.5,49.82,-0.0196621722869
2014-12-16,50.080002,48.810001,48.849998,0.0256657725286
2014-12-17,50.25,48.900002,50.119999,0.0156392578385
2014-12-18,51.150002,50.439999,50.91,-0.00058942922829
2014-12-19,51.470001,50.830002,50.880001,0.00529259281236
2014-12-22,51.599998,50.950001,51.150002,-0.0223396060488
2014-12-23,51.459999,49.93,50.02,0.0125163447319
2014-12-24,50.919998,50.189999,50.650002,0.00413750947443
2014-12-26,51.060001,50.610001,50.860001,-0.0065095801422
2014-12-29,51.009998,50.509998,50.529999,0.0135629007814
2014-12-30,51.27,50.349998,51.220001,-0.0139588034112
2014-12-31,51.68,50.459999,50.509998,-0.00675409825214
2015-01-02,50.779999,49.470001,50.169998,-0.020947332097
2015-01-05,49.880001,48.91,49.130001,0.00162696802209
2015-01-06,49.880001,48.330002,49.209999,-0.012679086139
2015-01-07,49.639999,48.509998,48.59,0.0331947093441
2015-01-08,50.23,48.720001,50.23,-0.0102051710068
2015-01-09,50.41,49.619999,49.720001,-0.0186769943878
2015-01-12,49.93,48.560001,48.799999,-0.0102987524127
2015-01-13,49.48,47.400002,48.299999,-0.0164913668522
2015-01-14,48.09,47.07,47.509998,-0.0273112351023
2015-01-15,47.75,46.200001,46.23,0.00517802661601
2015-01-16,46.59,45.849998,46.470001,0.0246558711918
2015-01-20,47.889999,46.77,47.630001,0.0114811613788
2015-01-21,48.380001,47.32,48.18,0.0146288589497
2015-01-22,49.080002,48.009998,48.889999,0.00122653326906
2015-01-23,49.23,48.630001,48.950001,0.00996040351737
2015-01-26,49.790001,49.07,49.439999,-0.0297670953774
2015-01-27,49.279999,47.66,47.990002,-0.0324009917271
2015-01-28,50.32,46.299999,46.459999,-0.0605573403935
2015-01-29,43.799999,41.799999,43.73,0.00592801540068
2015-02-02,44.759998,43.880001,44.689999,0.000223783421898
2015-02-03,45.25,44.380001,44.700001,-0.0146481943102
2015-02-04,44.98,43.880001,44.049999,-0.0114156493443
2015-02-05,44.259998,43.029999,43.549999,-0.0141059111741
2015-02-11,43.259998,42.759998,42.959999,0.0223280310645
2015-02-12,44.16,42.860001,43.93,0.0110923154538
2015-02-18,43.82,43.299999,43.650002,0.0163602147484
2015-02-19,44.419998,43.5,44.369999,-0.00587700606562
2015-02-23,43.990002,43.419998,43.529999,-0.00345180414072
2015-02-25,44.720001,43.209999,44.43,0.000450067509284
2015-02-27,44.57,44.049999,44.279999,-0.00384654846943
2015-03-02,44.43,43.700001,44.110001,-0.0343629335801
2015-03-03,43.950001,42.419998,42.619999,0.0316387776182
2015-03-05,44.310001,43.5,44.16,-0.0164387493634
2015-03-06,44.240002,43.400002,43.439999,-0.0106457613911
2015-03-09,43.93,42.669998,42.98,-0.00700446478081
2015-03-11,42.990002,42.360001,42.5,0.0105325957828
2015-03-12,43.360001,42.580002,42.950001,-0.0018644144296
2015-03-13,42.98,42.439999,42.869999,0.0148184934826
2015-03-16,43.880001,42.75,43.509998,0.00641475288343
2015-03-17,44.16,43.459999,43.790001,0.0198965869417
2015-03-18,44.709999,43.43,44.669998,0.00691585593992
2015-03-19,45.450001,44.810001,44.98,0.00133305950275
2015-03-20,45.580002,44.91,45.040001,-0.00713015482572
2015-03-23,45.540001,44.709999,44.720001,-0.00673107776669
2015-03-24,44.779999,44.279999,44.419998,-0.00496496173343
2015-03-25,44.93,44.130001,44.200001,0.00609001530159
2015-03-26,44.669998,43.68,44.470001,0.0140673751531
2015-03-27,45.669998,45.009998,45.099998,-0.00333141899816
2015-03-31,45.200001,44.419998,44.439999,-0.0070000963274
2015-04-01,44.599998,43.950001,44.130001,0.000453126408304
2015-04-07,44.220001,43.560001,43.610001,0.0351466006041
2015-04-08,45.189999,43.799999,45.169998,0.0101323114654
2015-04-09,46.169998,45.16,45.630001,-0.00991090581486
2015-04-10,45.790001,45.0,45.18,-0.00911623878698
2015-04-13,45.59,44.720001,44.77,0.0168331551303
2015-04-14,45.639999,44.790001,45.529999,0.00438311028681
2015-04-15,45.830002,45.23,45.73,0.00109275501086
2015-04-16,46.130001,45.529999,45.779999,-0.0294823082237
2015-04-17,45.439999,44.25,44.450001,0.00471326195491
2015-04-20,44.91,44.41,44.66,-0.00381375664014
2015-04-21,45.18,44.450001,44.490002,-0.0115295046453
2015-04-22,44.849998,43.669998,43.98,-0.00638686014178
2015-04-23,44.060001,43.580002,43.700001,0.0185904014225
2015-04-24,44.709999,43.689999,44.52,-0.00360034138235
2015-04-28,44.57,43.939999,44.34,-0.0241965927553
2015-05-01,42.68,42.09,42.509998,-0.0111177255273
2015-05-04,42.549999,41.830002,42.040001,-0.0177590940417
2015-05-06,41.73,41.209999,41.66,0.0516892565507
2015-05-07,44.98,43.549999,43.869999,0.00500230698634
2015-05-08,44.549999,44.0,44.09,-0.0111758948864
2015-05-11,44.139999,43.59,43.599998,0.00548953815633
2015-05-12,44.310001,43.689999,43.84,0.0126928718435
2015-05-13,44.669998,43.98,44.400002,0.0123112686813
2015-05-14,44.990002,44.450001,44.950001,-0.00445933844371
2015-05-15,45.07,44.689999,44.75,-0.00875325969587
2015-05-22,44.0,43.470001,43.490002,-0.0148254742278
2015-05-26,43.5,42.580002,42.849998,0.0122929300815
2015-05-27,43.439999,42.279999,43.380001,-0.00717182938481
2015-05-28,43.419998,42.93,43.07,-0.00302292990369
2015-06-01,43.630001,42.91,43.349998,-0.00462419321107
2015-06-02,43.619999,42.919998,43.150002,0.00138946292167
2015-06-03,43.779999,42.98,43.209999,-0.00766638671761
2015-06-04,43.439999,42.759998,42.880001,-0.00163379656756
2015-06-05,43.259998,42.700001,42.810001,-0.0188641059423
2015-06-08,42.889999,42.0,42.009998,-0.00908655234555
2015-06-09,41.950001,41.02,41.630001,0.0102761088221
2015-06-10,42.310001,41.689999,42.060001,-0.026989638243
2015-06-12,41.110001,40.459999,40.529999,-0.0014814323697
2015-06-15,40.669998,40.209999,40.470001,0.00419179506649
2015-06-16,41.400002,40.02,40.639999,0.00784317765326
2015-06-19,40.93,40.369999,40.509998,0.00541611381625
2015-06-22,40.889999,40.540001,40.73,-0.00196603646601
2015-06-23,40.799999,40.509998,40.650002,0.00710867061284
2015-06-24,41.23,40.580002,40.939999,0.00317037216131
2015-06-25,41.389999,40.900002,41.07,-0.0248995727682
2015-06-30,39.650002,39.189999,39.290001,0.00101757827335
2015-07-01,39.779999,39.150002,39.330002,0.0012704613091
2015-07-07,38.380001,36.580002,38.23,-0.0265056598237
2015-07-09,38.68,37.52,37.610001,0.00820862557329
2015-07-10,38.419998,37.779999,37.919998,0.0219101107788
2015-07-14,39.029999,38.439999,38.630001,-0.00649268593002
2015-07-15,38.799999,38.150002,38.380001,0.0137147703617
2015-07-16,38.959999,38.599998,38.91,0.0195959954202
2015-07-17,39.790001,38.93,39.68,-0.00353443938336
2015-07-20,39.98,39.259998,39.540001,0.00479372679319
2015-07-21,39.849998,39.349998,39.73,-0.0124098841609
2015-07-23,39.779999,39.060001,39.209999,-0.00922376546694
2015-07-30,37.689999,37.299999,37.419998,-0.0202463398559
2015-08-03,36.98,36.369999,36.689999,0.0116516698665
2015-08-04,37.209999,36.599998,37.119999,0.00349606384722
2015-08-05,37.709999,37.23,37.25,-0.0214362030024
2015-08-06,37.52,36.299999,36.459999,0.00574318571954
2015-08-07,36.759998,36.150002,36.669998,0.0130048974568
2015-08-11,36.77,35.73,36.029999,-0.0436824120688
2015-08-12,34.77,33.849998,34.490002,0.0409031161889
2015-08-13,36.610001,34.82,35.93,0.00859093523699
2015-08-17,36.240002,35.77,36.099998,-0.0114223004542
2015-08-18,36.189999,35.599998,35.689999,-0.0141085865667
2015-08-20,34.950001,33.869999,34.099998,-0.0349132292502
2015-08-24,32.279999,29.0,31.309999,0.0136402116986
2015-08-25,33.029999,31.540001,31.74,0.0242775695813
2015-08-27,33.77,32.950001,33.689999,-0.0164600459127
2015-08-28,33.57,32.93,33.139999,-0.0275330021502
2015-08-31,32.990002,32.23,32.240002,-0.0200508590803
2015-09-01,32.099998,31.23,31.6,0.00536532768856
2015-09-02,32.029999,31.379999,31.77,0.0239476842409
2015-09-03,32.740002,31.799999,32.540001,-0.0299461236948
2015-09-04,32.290001,31.440001,31.58,-0.0217678249238
2015-09-08,32.830002,30.860001,30.9,0.019866081086
2015-09-09,31.799999,30.35,31.52,-0.0118080197562
2015-09-10,31.59,31.030001,31.15,0.00894860557601
2015-09-11,31.43,30.629999,31.43,-0.0359552900353
2015-09-15,31.23,29.41,31.040001,0.0115311653827
2015-09-17,31.33,30.809999,30.93,-0.00616184858653
2015-09-18,30.799999,30.41,30.74,0.0138913556688
2015-09-22,30.92,30.17,30.4,-0.0219496673802
2015-09-24,29.57,28.85,29.34,-0.00718323607236
2015-09-25,29.709999,28.91,29.129999,-0.0539527639194
2015-09-28,29.219999,27.200001,27.6,0.0236316045333
2015-09-29,29.23,27.85,28.26,0.0227401787719
2015-10-01,29.0,28.440001,28.91,0.0604007458618
2015-10-02,30.709999,28.43,30.709999,0.00454844846135
2015-10-05,31.200001,30.35,30.85,0.00355926607039
2015-10-06,31.190001,30.66,30.959999,0.0289691433849
2015-10-07,31.99,31.209999,31.870001,0.0155668772386
2015-10-08,32.5,31.73,32.369999,0.00462324763426
2015-10-09,32.689999,31.99,32.52,0.0104008583616
2015-10-13,32.830002,32.32,32.34,-0.0077603990272
2015-10-14,32.490002,31.77,32.09,0.0424037904995
2015-10-15,33.490002,32.400002,33.48,-0.00329098282503
2015-10-19,33.630001,33.18,33.5,-0.0202026463976
2015-10-20,33.59,32.77,32.830002,-0.0534920609895
2015-10-21,32.43,31.01,31.120001,0.0175191291067
2015-10-22,31.9,31.209999,31.67,0.046275932113
2015-10-23,33.360001,32.240002,33.169998,0.00691016719938
2015-10-26,33.490002,33.0,33.400002,0.0265893651545
2015-10-27,35.470001,33.880001,34.299999,0.025616597899
2015-10-28,35.27,34.299999,35.189999,-0.0039863379664
2015-10-29,35.150002,34.700001,35.049999,0.0161316648375
2015-10-30,35.700001,35.049999,35.619999,-0.00987450553944
2015-11-02,35.48,35.07,35.27,-0.015716825654
2015-11-03,35.34,34.650002,34.720001,0.0100301455581
2015-11-04,35.240002,34.75,35.07,0.00142467614102
2015-11-05,35.299999,34.16,35.119999,-0.0265450669848
2015-11-06,35.200001,33.459999,34.200001,-0.0153214839342
2015-11-09,34.080002,33.080002,33.68,0.00916223317473
2015-11-10,34.130001,33.259998,33.990002,-0.0181094743571
2015-11-11,34.23,33.029999,33.380001,-0.00450386582524
2015-11-13,33.040001,32.169998,32.189999,0.0233354770524
2015-11-17,33.119999,32.619999,32.860001,0.00364517409019
2015-11-18,33.02,32.32,32.98,-0.0106691758796
2015-11-19,33.5,32.580002,32.630001,0.0146032405096
2015-11-20,33.299999,32.689999,33.110001,0.00752222570505
2015-11-23,33.869999,32.869999,33.360001,-0.0120629327651
2015-11-24,33.189999,32.610001,32.959999,0.00604965556563
2015-11-25,33.52,32.75,33.16,-0.00665663587583
2015-11-27,33.09,32.439999,32.939999,0.0260689519056
2015-12-01,33.889999,33.470001,33.709999,0.0559547033801
2015-12-02,36.389999,34.77,35.650002,-0.037438347492
2015-12-03,35.720001,34.099998,34.34,0.0164624656476
2015-12-04,35.200001,34.18,34.91,-0.0066101692046
2015-12-07,34.919998,34.470001,34.68,0.00488992790538
2015-12-08,34.98,34.029999,34.849998,-0.0129964572988
2015-12-09,35.84,33.150002,34.400002,0.00666376477214
2015-12-10,34.73,33.91,34.630001,-0.0509438243358
2015-12-14,33.27,32.209999,32.59,0.0134107162777
2015-12-15,33.389999,32.5,33.029999,0.0224526726491
2015-12-16,33.880001,32.91,33.779999,-0.0164157994098
2015-12-17,34.080002,33.110001,33.23,-0.00846179106897
2015-12-18,33.630001,32.869999,32.950001,0.000606796116713
2015-12-21,33.299999,32.689999,32.970001,0.0363350869886
2015-12-22,34.209999,32.970001,34.189999,0.00757585208435
2015-12-23,34.580002,33.990002,34.450001,-0.00991840073977
2015-12-24,34.740002,34.099998,34.110001,-0.0150646183021
2015-12-28,33.91,33.349998,33.599998,0.013010325637
2015-12-29,34.169998,33.599998,34.040001,-0.0198790702861
2015-12-30,34.040001,33.349998,33.369999,-0.00330184916376
2016-01-04,32.349998,31.139999,31.4,0.0251585906921
2016-01-05,32.330002,31.530001,32.200001,-0.0012430392955
2016-01-06,32.459999,31.6,32.16,-0.064206901171
2016-01-07,31.190001,30.02,30.16,0.0154633450572
2016-01-08,31.540001,30.0,30.629999,-0.015131835026
2016-01-11,30.75,29.74,30.17,0.0170888480446
2016-01-12,30.969999,30.209999,30.690001,-0.0415825733875
2016-01-13,31.17,29.33,29.440001,0.0294532329461
2016-01-14,30.57,28.709999,30.32,-0.0396957943242
2016-01-15,29.77,28.59,29.139999,0.020381174582
2016-01-19,30.0,29.309999,29.74,-0.0328122048264
2016-01-20,29.110001,27.440001,28.780001,0.0182479843992
2016-01-21,29.799999,28.190001,29.309999,0.0149004113869
2016-01-22,30.52,29.309999,29.75,0.00100792884381
2016-01-25,30.389999,29.66,29.780001,0.00669343183901
2016-01-26,30.190001,29.620001,29.98,-0.00972017021741
2016-01-27,30.530001,29.450001,29.690001,-0.0321725552137
2016-01-28,30.629999,28.6,28.75,0.0260914217115
2016-01-29,29.51,28.51,29.51,0.00203114490954
2016-02-01,29.790001,28.790001,29.57,-0.0173977101338
2016-02-02,30.23,28.129999,29.059999,-0.0486524929811
2016-02-03,28.610001,26.57,27.68,0.051744782047
2016-02-04,29.23,27.709999,29.15,-0.0413224413352
2016-02-05,29.139999,27.73,27.969999,-0.0334455031374
2016-02-08,27.969999,26.48,27.049999,-0.00853909047038
2016-02-09,27.690001,26.51,26.82,0.0103858500321
2016-02-10,27.809999,26.84,27.1,-0.0126254926256
2016-02-11,26.969999,26.15,26.76,0.010409052897
2016-02-12,27.32,26.719999,27.040001,0.0795874350891
2016-02-16,29.440001,27.940001,29.280001,0.00306905601276
2016-02-17,29.66,29.059999,29.370001,0.00170093591441
2016-02-18,30.139999,29.389999,29.42,0.0208551450116
2016-02-19,30.23,29.700001,30.040001,0.0369262335944
2016-02-22,31.209999,30.389999,31.17,-0.0161711156531
2016-02-23,31.379999,30.51,30.67,0.00908805331462
2016-02-24,31.120001,29.799999,30.950001,0.0131601959292
2016-02-25,31.360001,30.24,31.360001,0.000318826710215
2016-02-26,31.9,31.219999,31.370001,0.013299752299
2016-02-29,32.459999,31.309999,31.790001,0.0312766785231
2016-03-01,32.849998,32.040001,32.799999,0.00334807805296
2016-03-02,33.240002,32.77,32.91,-0.000911962353644
2016-03-03,33.209999,32.419998,32.880001,0.0293698056368
2016-03-04,33.93,32.759998,33.860001,0.00294892575838
2016-03-07,34.380001,33.59,33.959999,-0.0307992356085
2016-03-08,33.82,32.84,32.93,0.0174597456773
2016-03-09,33.52,32.779999,33.509998,-0.0208057564036
2016-03-10,33.599998,32.09,32.82,0.0297185606349
2016-03-11,33.860001,32.84,33.810001,-0.00682593508819
2016-03-14,34.09,33.509998,33.580002,-0.00957529757617
2016-03-15,33.459999,33.110001,33.259998,0.0222991265804
2016-03-16,34.080002,33.0,34.009998,0.00790752434518
2016-03-17,34.549999,33.869999,34.279999,0.0256313250612
2016-03-18,35.209999,34.380001,35.169998,0.00849390735913
2016-03-21,36.099998,35.0,35.470001,-0.00169303085456
2016-03-22,35.610001,34.68,35.41,-0.017376908079
2016-03-23,35.700001,34.709999,34.799999,0.00172271073325
2016-03-24,34.869999,33.93,34.860001,0.0105579235751
2016-03-28,35.450001,34.619999,35.23,0.0304705613799
2016-03-29,36.43,35.009998,36.32,0.00658622020515
2016-03-30,37.279999,36.439999,36.560001,0.00681480061921
2016-03-31,37.02,36.5,36.810001,-0.00900540935133
2016-04-05,36.919998,36.220001,36.41,0.00684278022422
2016-04-07,37.25,35.720001,36.169998,-0.00276849575411
2016-04-08,36.919998,35.619999,36.07,0.0113026702907
2016-04-13,37.349998,36.900002,37.310001,-0.00375948353321
2016-04-14,37.5,36.849998,37.169998,-0.0179157896143
2016-04-15,37.150002,36.419998,36.509998,0.000273914838736
2016-04-18,37.0,35.880001,36.52,-0.00521615444274
2016-04-19,36.73,36.110001,36.330002,0.0407228428996
2016-04-20,38.189999,37.0,37.84,-0.00450277557238
2016-04-21,38.119999,37.349998,37.669998,-0.00505651124108
2016-04-26,37.540001,36.91,37.110001,-0.00432082756161
2016-04-27,37.59,36.630001,36.950001,-0.00979069542669
2016-04-28,37.439999,36.509998,36.59,0.000273206731395
2016-05-02,36.740002,36.32,36.529999,-0.0143371913118
2016-05-03,36.41,35.91,36.009998,-0.000277683664544
2016-05-04,36.09,35.740002,36.0,0.0257760092441
2016-05-06,37.310001,36.490002,37.23,-0.00134390559133
2016-05-09,37.349998,36.919998,37.18,0.00696864260669
2016-05-10,37.580002,37.139999,37.439999,-0.00187140816203
2016-05-11,37.630001,37.200001,37.369999,-0.00913984881757
2016-05-12,37.509998,36.790001,37.029999,-0.0149642027143
2016-05-13,37.07,36.380001,36.48,0.0270432921641
2016-05-16,37.790001,36.880001,37.48,-0.00561874387905
2016-05-17,37.700001,37.25,37.27,-0.000805207376609
2016-05-18,37.5,36.889999,37.240002,-0.00592519896921
2016-05-19,37.23,36.669998,37.02,-0.0141460465569
2016-05-20,36.720001,35.880001,36.5,0.00437398182311
2016-05-23,36.950001,36.43,36.66,0.02345434409
2016-05-24,37.630001,36.77,37.529999,-0.0530758869795
2016-05-25,36.959999,35.470001,35.59,0.0323455435584
2016-05-26,36.849998,36.07,36.759998,0.0284278201498
2016-05-27,37.880001,36.84,37.82,0.00316787491915
2016-05-31,38.080002,37.5,37.939999,-0.0345924552465
2016-06-01,37.740002,36.560001,36.650002,0.0135503420966
2016-06-02,37.220001,36.580002,37.150002,-0.0149156392371
2016-06-03,37.110001,36.5,36.599998,0.0127598314001
2016-06-06,37.200001,36.52,37.07,-0.00921415733107
2016-06-07,36.990002,36.630001,36.73,0.00651294016592
2016-06-08,37.299999,36.84,36.970001,0.0102260580338
2016-06-09,37.73,36.709999,37.349998,-0.0140200732708
2016-06-10,37.139999,36.59,36.830002,-0.00982275252014
2016-06-13,36.91,36.419998,36.470001,0.025180725656
2016-06-15,37.599998,37.099998,37.32,0.00187388626476
2016-06-16,37.450001,36.540001,37.389999,-0.0121083145437
2016-06-17,37.439999,36.810001,36.939999,0.0094302733074
2016-06-20,37.68,37.240002,37.290001,0.00294553688885
2016-06-21,37.549999,37.200001,37.400002,-0.00107011776918
2016-06-22,37.52,37.169998,37.360001,0.0111791954771
2016-06-23,37.779999,37.41,37.779999,-0.0416162992419
2016-06-24,36.950001,36.09,36.240002,-0.0285494049014
2016-06-27,36.009998,35.049999,35.220001,0.0230153290261
2016-06-28,36.139999,35.5,36.040001,0.0224975188843
2016-06-29,37.080002,36.25,36.860001,0.0188127015928
2016-06-30,37.580002,36.889999,37.560001,0.0113833388808
2016-07-01,38.080002,37.43,37.990002,-0.0129820868686
2016-07-05,37.77,37.169998,37.5,0.000266577798315
2016-07-06,37.560001,37.130001,37.509998,0.000266613363344
2016-07-07,37.759998,37.290001,37.52,0.00584646879655
2016-07-08,37.84,37.060001,37.740002,0.00581235446363
2016-07-12,38.330002,37.869999,37.889999,-0.00661991048862
2016-07-13,38.009998,37.459999,37.639999,0.00846565924851
2016-07-14,38.349998,37.849998,37.959999,-0.00634246312182
2016-07-15,38.189999,37.68,37.720001,0.00607904591571
2016-07-18,37.970001,37.5,37.950001,0.00578028416787
2016-07-19,38.490002,37.650002,38.169998,0.0189444876783
2016-07-21,39.25,38.720001,38.849998,0.013550073271
2016-07-22,39.419998,38.779999,39.380001,-0.0272861455019
2016-07-25,39.209999,38.220001,38.32,0.0114167823203
2016-07-26,38.830002,37.900002,38.759998,-0.00258326164279
2016-07-28,38.639999,38.23,38.52,-0.00860391187737
2016-07-29,38.52,38.080002,38.189999,0.0158465458035
2016-08-01,38.889999,38.099998,38.799999,-0.0059454486359
2016-08-02,38.669998,38.259998,38.57,-0.00467778925588
2016-08-03,38.549999,38.279999,38.389999,0.0137112229661
2016-08-05,39.150002,38.900002,38.990002,0.00639143137585
2016-08-09,39.310001,39.099998,39.240002,0.0174312354096
2016-08-10,39.98,39.299999,39.93,0.0330079226894
2016-08-11,41.73,40.93,41.27,0.0396679253978
2016-08-12,42.98,41.279999,42.939999,-0.00630771883376
2016-08-15,43.290001,42.43,42.669998,-0.00422724913195
2016-08-16,42.790001,41.950001,42.490002,0.00493014245716
2016-08-17,42.75,42.389999,42.700001,0.00467292890023
2016-08-18,42.970001,42.59,42.900002,0.00279325128557
2016-08-19,43.119999,42.650002,43.02,-0.0116905703658
2016-08-22,42.869999,42.330002,42.52,0.00187965285322
2016-08-23,42.91,42.450001,42.599998,-0.01632974439
2016-08-24,42.77,41.790001,41.91,0.00285916328752
2016-08-25,42.240002,41.73,42.029999,0.0056939893542
2016-08-26,42.610001,41.939999,42.27,-0.000236649716866
2016-08-29,42.459999,42.080002,42.259998,0.00754374157391
2016-08-30,42.740002,42.279999,42.580002,0.00398448894703
2016-08-31,42.799999,42.459999,42.75,0.0042016868537
2016-09-01,43.099998,42.720001,42.93,0.0081197291964
2016-09-02,43.599998,43.080002,43.279999,0.0325065564467
2016-09-06,44.849998,43.5,44.709999,-0.00808450421977
2016-09-07,44.919998,44.189999,44.349998,0.000225521365239
2016-09-08,44.720001,44.029999,44.360001,-0.0330003138608
2016-09-09,44.150002,42.82,42.919998,0.0125030806544
2016-09-13,43.52,42.689999,43.040001,0.00971101273089
2016-09-14,43.619999,42.860001,43.459999,0.0121214290069
2016-09-15,44.049999,43.220001,43.990002,-0.00730105912607
2016-09-16,44.02,43.470001,43.669998,-0.0110523578803
2016-09-19,43.950001,43.0,43.189999,-0.00930451002043
2016-09-20,43.389999,42.66,42.790001,0.0310619243747
2016-09-21,44.220001,42.889999,44.139999,0.000226594176679
2016-09-22,44.869999,43.740002,44.150002,-0.0310548931268
2016-09-23,43.759998,42.540001,42.799999,-0.0119874040926
2016-09-26,42.740002,41.849998,42.290001,0.0252172596592
2016-09-27,43.41,42.32,43.369999,0.00735128528495
2016-09-28,43.720001,43.25,43.689999,-0.0259694402348
2016-09-29,43.299999,42.43,42.57,0.0123731708659
2016-09-30,43.25,42.720001,43.099998,0.00069588313948
2016-10-03,43.18,42.82,43.130001,0.00115859124119
2016-10-04,43.5,42.959999,43.18,0.0121994609105
2016-10-05,43.869999,43.220001,43.709999,-0.000686554560513
2016-10-06,43.82,43.369999,43.68,-0.0105869572205
2016-10-07,43.68,43.119999,43.220001,0.0160663774478
2016-10-10,44.07,43.25,43.919998,-0.0286393252304
2016-10-11,44.080002,42.490002,42.68,-0.00752588209317
2016-10-12,42.779999,42.049999,42.360001,-0.0176237474018
2016-10-13,42.080002,41.169998,41.619999,-0.00433422311862
2016-10-14,42.25,41.41,41.439999,0.00841052656904
2016-10-17,41.939999,41.240002,41.790001,-0.00263570294388
2016-10-18,42.610001,41.630001,41.68,0.0248798522108
2016-10-19,42.939999,42.259998,42.73,-0.00822467321974
2016-10-20,42.689999,42.07,42.380001,-0.0049675561048
2016-10-21,42.200001,41.73,42.169998,0.00991046360374
2016-10-24,42.68,42.380001,42.59,-0.000939652417502
2016-10-25,42.75,42.43,42.549999,-0.0111072155596
2016-10-26,42.439999,41.950001,42.080002,-0.00500305981037
2016-10-27,42.490002,41.810001,41.869999,-0.00215182395408
2016-10-28,42.220001,41.709999,41.779999,-0.00552023495945
2016-10-31,42.16,41.549999,41.549999,-0.00530882031943
2016-11-01,41.34,40.689999,41.330002,-0.0158521057343
2016-11-02,42.16,40.360001,40.68,-0.0111235852187
2016-11-03,40.75,40.169998,40.23,0.00124205706245
2016-11-04,40.669998,39.799999,40.279999,0.0189357685138
2016-11-07,41.23,40.860001,41.049999,0.00267609942795
2016-11-08,41.279999,40.68,41.16,0.00121401011892
2016-11-09,41.389999,40.220001,41.209999,-0.0258094457013
2016-11-10,41.650002,39.540001,40.16,0.00645318711154
2016-11-11,40.52,39.369999,40.419998,-0.0281001690651
2016-11-14,40.389999,38.869999,39.299999,0.0228912026098
2016-11-15,40.450001,39.580002,40.209999,0.018968446771
2016-11-16,41.049999,40.099998,40.98,0.011403762896
2016-11-18,41.650002,40.900002,41.189999,-0.00194405893548
2016-11-21,41.48,40.939999,41.110001,-0.0024355345994
2016-11-22,41.400002,40.830002,41.009998,-0.00121993431818
2016-11-23,40.98,40.549999,40.959999,-0.00219968320883
2016-11-25,41.080002,40.709999,40.869999,0.0140916325984
2016-11-28,41.700001,40.740002,41.450001,0.00361221348354
2016-11-29,41.830002,41.119999,41.599998,-0.0140403665461
2016-11-30,41.669998,40.880001,41.02,-0.0344733202085
2016-12-01,41.040001,39.529999,39.630001,0.0110414922123
2016-12-02,40.32,39.580002,40.07,0.00323909585254
2016-12-05,40.389999,39.849998,40.200001,-0.0057378227586
2016-12-06,40.419998,39.880001,39.970001,0.0136664816385
2016-12-07,40.57,39.75,40.52,0.021726718177
2016-12-08,41.599998,40.419998,41.41,0.00841649812419
2016-12-09,41.799999,41.439999,41.759998,-0.0110764199278
2016-12-12,41.529999,41.130001,41.299999,0.0041078226182
2016-12-13,41.790001,41.139999,41.470001,-0.0135957664308
2016-12-14,41.529999,40.830002,40.91,-0.0630566895835
2016-12-15,40.0,38.25,38.41,0.00519349381836
2016-12-16,39.220001,38.419998,38.610001,-0.00493323089198
2016-12-19,38.790001,38.27,38.419998,0.0190777123781
2016-12-20,39.18,38.240002,39.16,-0.00025534413993
2016-12-21,39.32,38.970001,39.150002,-0.0167422322286
2016-12-22,38.790001,38.259998,38.5,0.00414723248645
2016-12-23,38.810001,38.369999,38.66,0.00670273215016
2016-12-27,39.07,38.5,38.919998,-0.00489371240368
2016-12-28,39.220001,38.709999,38.73,-0.00232651006226
2016-12-29,38.93,38.48,38.639999,0.000776070435125
2016-12-30,39.0,38.43,38.669998,0.00593024813876
2017-01-03,39.18,38.639999,38.900002,0.0293840531619
2017-01-04,40.25,38.919998,40.060001,0.0314521990534
2017-01-06,41.34,40.849998,41.23,0.00266440753481
2017-01-09,41.66,41.130001,41.34,0.0229565081579
2017-01-10,42.369999,41.540001,42.299999,0.00683242152355
